iter	Logloss
0	0.4718433926
1	0.383873327
2	0.335592113
3	0.3020088509
4	0.275291829
5	0.2515175686
6	0.2360242836
7	0.2130132864
8	0.1934884617
9	0.179997458
10	0.174191161
11	0.1677834018
12	0.1583182894
13	0.152498504
14	0.1418075781
15	0.1350292728
